{"cameraMode":{"drawMode":0,"name":"Shaded","section":"Shading Mode"},"sceneLighting":false,"audioPlay":false,"sceneViewState":{"showFog":true,"showMaterialUpdate":false,"showSkybox":false,"showFlares":true,"showImageEffects":true,"showParticleSystems":true},"in2DMode":false,"pivot":{"x":-0.05000001937150955,"y":0.05000005662441254,"z":0.2500000596046448},"rotation":{"x":0.02568102814257145,"y":-0.5164744853973389,"z":0.015498892404139042,"w":0.8557775020599365},"size":0.9761534929275513,"orthographic":true}