{"cameraMode":{"drawMode":0,"name":"Shaded","section":"Shading Mode"},"sceneLighting":true,"audioPlay":false,"sceneViewState":{"showFog":true,"showMaterialUpdate":false,"showSkybox":true,"showFlares":true,"showImageEffects":true,"showParticleSystems":true},"in2DMode":false,"pivot":{"x":-0.7830588221549988,"y":0.5185898542404175,"z":0.0},"rotation":{"x":-0.27908262610435488,"y":0.27637016773223879,"z":-0.08422408252954483,"w":-0.9157735109329224},"size":3.945810317993164,"orthographic":true}