{"cameraMode":{"drawMode":0,"name":"Shaded","section":"Shading Mode"},"sceneLighting":false,"audioPlay":false,"sceneViewState":{"showFog":true,"showMaterialUpdate":false,"showSkybox":false,"showFlares":true,"showImageEffects":true,"showParticleSystems":true},"in2DMode":false,"pivot":{"x":-0.2891305685043335,"y":0.21189355850219727,"z":-0.4415062665939331},"rotation":{"x":0.1854553371667862,"y":-0.32687753438949587,"z":0.06558113545179367,"w":0.9243702292442322},"size":8.463668823242188,"orthographic":true}