{"cameraMode":{"drawMode":0,"name":"Shaded","section":"Shading Mode"},"sceneLighting":false,"audioPlay":false,"sceneViewState":{"showFog":true,"showMaterialUpdate":false,"showSkybox":false,"showFlares":true,"showImageEffects":true,"showParticleSystems":true},"in2DMode":false,"pivot":{"x":-0.002042055130004883,"y":1.2056708335876465,"z":-0.3499998450279236},"rotation":{"x":0.1854553371667862,"y":-0.32687753438949587,"z":0.06558113545179367,"w":0.9243702292442322},"size":4.611805438995361,"orthographic":true}