{"cameraMode":{"drawMode":0,"name":"Shaded","section":"Shading Mode"},"sceneLighting":false,"audioPlay":false,"sceneViewState":{"showFog":true,"showMaterialUpdate":false,"showSkybox":false,"showFlares":true,"showImageEffects":true,"showParticleSystems":true},"in2DMode":false,"pivot":{"x":0.24072833359241486,"y":1.7834107875823975,"z":5.75},"rotation":{"x":0.11351117491722107,"y":-0.2317340224981308,"z":0.027237290516495706,"w":0.9657498598098755},"size":2.5497913360595705,"orthographic":true}