{"cameraMode":{"drawMode":0,"name":"Shaded","section":"Shading Mode"},"sceneLighting":false,"audioPlay":false,"sceneViewState":{"showFog":true,"showMaterialUpdate":false,"showSkybox":false,"showFlares":true,"showImageEffects":true,"showParticleSystems":true},"in2DMode":false,"pivot":{"x":-0.37109375,"y":0.453521728515625,"z":-2.678309202194214},"rotation":{"x":0.054488975554704669,"y":-0.6321807503700256,"z":0.04464276507496834,"w":0.7716121673583984},"size":12.551159858703614,"orthographic":true}