{"cameraMode":{"drawMode":0,"name":"Shaded","section":"Shading Mode"},"sceneLighting":true,"audioPlay":false,"sceneViewState":{"showFog":true,"showMaterialUpdate":false,"showSkybox":true,"showFlares":true,"showImageEffects":true,"showParticleSystems":true},"in2DMode":false,"pivot":{"x":0.0,"y":0.9999995231628418,"z":3.9499998092651369},"rotation":{"x":0.16873319447040559,"y":0.18073265254497529,"z":-0.0314890518784523,"w":0.9684407114982605},"size":7.21842098236084,"orthographic":true}