{"cameraMode":{"drawMode":0,"name":"Shaded","section":"Shading Mode"},"sceneLighting":true,"audioPlay":false,"sceneViewState":{"showFog":true,"showMaterialUpdate":false,"showSkybox":true,"showFlares":true,"showImageEffects":true,"showParticleSystems":true},"in2DMode":false,"pivot":{"x":0.957763671875,"y":2.9312744140625,"z":-5.2509765625},"rotation":{"x":0.17609567940235139,"y":-0.24803359806537629,"z":0.045903727412223819,"w":0.9515057802200317},"size":5.909159183502197,"orthographic":true}