{"cameraMode":{"drawMode":0,"name":"Shaded","section":"Shading Mode"},"sceneLighting":false,"audioPlay":false,"sceneViewState":{"showFog":true,"showMaterialUpdate":false,"showSkybox":false,"showFlares":true,"showImageEffects":true,"showParticleSystems":true},"in2DMode":false,"pivot":{"x":-0.05000001937150955,"y":0.05000005662441254,"z":0.2500000596046448},"rotation":{"x":0.08193936944007874,"y":-0.44066184759140017,"z":0.040433578193187717,"w":0.8930116295814514},"size":0.9761534929275513,"orthographic":true}