{"cameraMode":{"drawMode":0,"name":"Shaded","section":"Shading Mode"},"sceneLighting":true,"audioPlay":false,"sceneViewState":{"showFog":true,"showMaterialUpdate":false,"showSkybox":true,"showFlares":true,"showImageEffects":true,"showParticleSystems":true},"in2DMode":false,"pivot":{"x":1.1920928955078126e-7,"y":1.1999996900558472,"z":5.849999904632568},"rotation":{"x":0.1484929919242859,"y":-0.3180680274963379,"z":0.05051407217979431,"w":0.9350036978721619},"size":2.6170437335968019,"orthographic":true}