{"cameraMode":{"drawMode":0,"name":"Shaded","section":"Shading Mode"},"sceneLighting":false,"audioPlay":false,"sceneViewState":{"showFog":true,"showMaterialUpdate":false,"showSkybox":false,"showFlares":true,"showImageEffects":true,"showParticleSystems":true},"in2DMode":false,"pivot":{"x":378.40850830078127,"y":212.0,"z":-0.14150625467300416},"rotation":{"x":0.1854553371667862,"y":-0.32687753438949587,"z":0.06558113545179367,"w":0.9243702292442322},"size":1438.0089111328125,"orthographic":true}