{"cameraMode":{"drawMode":0,"name":"Shaded","section":"Shading Mode"},"sceneLighting":false,"audioPlay":false,"sceneViewState":{"showFog":true,"showMaterialUpdate":false,"showSkybox":false,"showFlares":true,"showImageEffects":true,"showParticleSystems":true},"in2DMode":false,"pivot":{"x":0.20016641914844514,"y":1.877323031425476,"z":-0.9375},"rotation":{"x":0.1854553371667862,"y":-0.32687753438949587,"z":0.06558113545179367,"w":0.9243702292442322},"size":2.8310673236846926,"orthographic":true}