{"cameraMode":{"drawMode":0,"name":"Shaded","section":"Shading Mode"},"sceneLighting":false,"audioPlay":false,"sceneViewState":{"showFog":true,"showMaterialUpdate":false,"showSkybox":false,"showFlares":true,"showImageEffects":true,"showParticleSystems":true},"in2DMode":false,"pivot":{"x":-0.2049560546875,"y":-0.09039306640625,"z":-0.06365966796875},"rotation":{"x":0.132757306098938,"y":-0.45396101474761965,"z":0.0686095729470253,"w":0.8784011602401733},"size":2.1518163681030275,"orthographic":true}